first,last,affiliation
Charles,Abbott,FERN's Ag Insider by Charles Abbott
Tamar,Abdollah,Associated Press
Richard,Abott,Defense Daily
Yasmeen,Abutaleb,Thomson Reuters
Joel,Achenbach,Washington Post
Andrew,Ackerman,Wall Street Journal/ Dow Jones
Rebecca,Adams,CQ Roll Call
T. Becket,Adams,Washington Examiner
Rachel,Adams-Heard,S & P Global
Timothy,Ahmann,Thomson Reuters
Akbar Shahid,Ahmed,Huffington Post
Haruyuki,Aikawa,Mainichi Shimbun
Julia,Airey,Washington Times
Nicole,Albright,Gannett Washington Bureau
Charles,Alexander,Thomson Reuters
Keith,Alexander,Washington Post
Hector,Alfaro,Bloomberg News
Abdulaziz,Alhendi,Saudi Press Agency
Idrees,Ali,Thomson Reuters
Safvan,Allahverdi,Anadolu News Agency
Jacqueline,Allen,Daily Beast
Nicholas,Allen,London Daily Telegraph
William,Allison,Bloomberg News
Ricardo,Alonso,Associated Press
Luis,Alonso Lugo,Associated Press
Sarah,Ampolsk,Kyodo News
Mark,Anderson,Wall Street Journal/ Dow Jones
Nicholas,Anderson,Washington Post
Fanny,Andre,Agence France-Presse
Natalie,Andrews,Wall Street Journal/ Dow Jones
Naoatsu,Aoyama,Asahi Shimbun
Binyamin,Appelbaum,New York Times
Julie,Appleby,Kaiser Health News
Matt,Apuzzo,New York Times
Takuya,Arai,Kyodo News
Lori,Aratani,Washington Post
James,Arkin,Real Clear Politics
Stephanie,Armour,Wall Street Journal/ Dow Jones
Annalee,Armstrong,S & P Global
Joshua,Armstrong,S & P Global
Kara,Arundel,LRP Publications
Eiichi,Asami,Kyodo News
James,Asher,Associated Press
Tomoko,Ashizuka,Nikkei
Laurie,Asseo,Bloomberg News
Kimberly,Atkins,Boston Herald
Frank,Aukofer,Artists & Writers Syndicate
Jessica-Elise,Austin,Argus Media
Erin,Bacon,CQ Roll Call
Benjamin,Bain,Bloomberg News
Peter,Baker,New York Times
Ashley,Balcerzak,Center for Public Integrity
Lolita,Baldor,Associated Press
Michael,Ball,Argus Media
Rebecca,Ballhaus,Wall Street Journal/ Dow Jones
Daniel,Balz,Washington Post
Joyce,Banerjee,Inside Climate News
Adelle,Banks,Religion News Service
Eric,Baradat,Agence France-Presse
Matthew,Barakat,Associated Press
Sara,Barderas,German Press Agency - DPA
Jeffrey,Barker,Baltimore Sun
Robert,Barnes,Washington Post
Martin,Baron,Washington Post
Michael,Barone,Washington Examiner
Cameron,Barr,Washington Post
Ruben,Barrera,Notimex Mexican News Agency
Laura,Barron-Lopez,Washington Examiner
Jeffry,Bartash,MarketWatch
Ethan,Barton,Daily Caller
Diane,Bartz,Thomson Reuters
John,Barwick,Center for Public Integrity
Ryan,Basen,MedPage Today
Laura,Bassett,Huffington Post
Michael,Bastasch,Daily Caller
Nicholas,Baumann,Huffington Post
Emily,Baumgaertner,New York Times
Lateshia,Beachum,Center for Public Integrity
Anita,Beattie,Agence France-Presse
Jeffrey,Beattie,Energy Daily
Andrew,Beatty,Agence France-Presse
Amanda,Becker,Thomson Reuters
Lois,Beckett,Guardian US
Paul,Beckett,Wall Street Journal/ Dow Jones
Paul,Bedard,Washington Examiner
Christopher,Bedford,Daily Caller
Eric,Beech,Thomson Reuters
Ryan,Beene,Bloomberg News
Matthew,Beinart,Defense Daily
Ines,Belaiba,Agence France-Presse
Alistair,Bell,Thomson Reuters
Jarrett,Bell,USA Today
Naftali,Bendavid,Wall Street Journal/ Dow Jones
Mike,Bender,Wall Street Journal/ Dow Jones
Jennifer,Bendery,Huffington Post
Susan,Benkelman,Wall Street Journal/ Dow Jones
Katie,Benner,New York Times
Brian,Bennett,Los Angeles Times
Jared,Bennett,Center for Public Integrity
John,Bennett,CQ Roll Call
Thomas,Benning,Dallas Morning News
Vera,Bergengruen,Buzzfeed
Steve,Berkowitz,USA Today
Max,Berley,Bloomberg News
Deborah,Berry,Gannett Washington Bureau
Lynn,Berry,Associated Press
Martin,Bialecki,German Press Agency - DPA
Noah,Bierman,Los Angeles Times
Michael,Biesecker,Associated Press
Joshua,Billinson,Independent Journal Review
Christina,Bilski,Nikkei
Stephen,Birr,Daily Caller
Alan,Bjerga,Bloomberg News
Sebastien,Blanc,Agence France-Presse
Melissa,Bland,Thomson Reuters
Justin,Blum,Bloomberg News
Paul,Blumenthal,Huffington Post
Rachel,Bluth,Kaiser Health News
Joshua,Boak,Associated Press
Hamilton,Boardman,New York Times
Igor,Bobic,Huffington Post
Mark,Bocchetti,MLEX US
Anatoly,Bochinin,Itar-Tass News Agency
Caren,Bohan,Thomson Reuters
Janet,Booker,Wall Street Journal/ Dow Jones
Brendan,Bordelon,National Journal
Seth,Borenstein,Associated Press
Julian,Borger,Guardian US
Glen,Boshart,S & P Global
Mikayla,Bouchard,New York Times
Jeremy,Bowers,New York Times
Rebecca,Bowers,Wall Street Journal/ Dow Jones
Antoine,Boyer,Agence France-Presse
David,Boyer,Washington Times
Daniel,Boylan,Washington Times
Erik,Brady,USA Today
Stephen,Braun,Associated Press
Jess,Bravin,Wall Street Journal/ Dow Jones
Samuel,Brock,Argus Media
Scott,Brodbeck,LocalNews Now
Sam,Brodey,MinnPost
David,Brooks,La Jornada
Jennifer,Brooks,Minneapolis Star Tribune
Emily,Brown,LRP Publications
Emma,Brown,Washington Post
Sarah,Brumfield,Associated Press
Thomas,Brune,Newsday
Alister,Bull,Bloomberg News
Elisabeth,Bumiller,New York Times
Jeffrey,Burgess,New York Times
Virginia,Burk,Thomson Reuters
Melissa,Burke,Detroit News
Tahirah,Burley,New York Times
Robert,Burns,Associated Press
Thomas,Burr,Salt Lake Tribune
Thomas,Burton,Wall Street Journal/ Dow Jones
Howard,Buskirk,Communications Daily
Adam,Butler,Buzzfeed
Desmond,Butler,Associated Press
Julie,Bykowicz,Wall Street Journal/ Dow Jones
Emily,Cadei,McClatchy
Mary Clare,Cahlink,Associated Press
Dianna,Cahn,Stars and Stripes
Morgan,Cahn,CQ Roll Call
Carl,Cannon,Real Clear Politics
Anthony,Capaccio,Bloomberg News
Abby,Caplan,Argus Media
Kyle,Cardine,Buzzfeed
Dominic,Carey,Bloomberg News
Mary Agnes,Carey,Kaiser Health News
Timothy,Carney,Washington Examiner
Bridget Reed,Carson Morawski,LocalNews Now
Charlene,Carter,CQ Roll Call
Zachary,Carter,Huffington Post
Jerome,Cartillier,Agence France-Presse
Cristina Garcia,Casado,EFE News Services
Donna,Cassata,Washington Post
Can,Celik,MLEX US
Carolyn,Cerbin,USA Today
Sarah,Chacko,Wall Street Journal/ Dow Jones
Conrad,Chaffee,Tokyo Chunichi Shimbun
Francesca,Chambers,Daily Mail (UK)
Shobhana,Chandra,Bloomberg News
Sarah,Chaney,Wall Street Journal/ Dow Jones
Chia,Chang,United Daily News
Emma,Charlton,Agence France-Presse
Aida,Chavez,Intercept (The)
Hui-Min,Chen,World Journal
Tsung-Shen,Cheng,Taiwan Central News Agency
Brian,Cheung,S & P Global
Doina,Chiacu,Thomson Reuters
Chinyeh,Chiang,Taiwan Central News Agency
Ching  Ling,Chiang Robertson,China Times
Dante,Chinni,Wall Street Journal/ Dow Jones
Gina,Chon,Thomson Reuters
Christina,Chong,Korea Times
Michael,Christensen,CQ Roll Call
Molly-Kathleen,Christian,S & P Global
Rodney,Christian,Wall Street Journal/ Dow Jones
Anton,Chudakov,Itar-Tass News Agency
Kevin,Cirilli,Bloomberg News
Davd,Clark,Agence France-Presse
Lenora,Clark,Wall Street Journal/ Dow Jones
Lesley,Clark,McClatchy
Harrison,Clarke,Market News International
Lauren,Clason,CQ Roll Call
Alexander,Clearfield,National Journal
Andrew,Clevenger,CQ Roll Call
Eleanor,Clift,Daily Beast
David,Cloud,Los Angeles Times
Lalita,Clozel,Wall Street Journal/ Dow Jones
Christopher,Coats,S & P Global
Emily,Cochrane,New York Times
George,Codrea,CQ Roll Call
Vincent,Coglianese,Daily Caller
Kelly,Cohen,Washington Examiner
Kristin,Cohen,Bloomberg News
Peter,Cohn,CQ Roll Call
Eliza,Collins,USA Today
Michael,Collins,Gannett Washington Bureau
Jill,Colvin,Associated Press
Christopher,Condon,Bloomberg News
George,Condon,National Journal
Charles,Conlon,CQ Roll Call
Anthony,Cooke,MLEX US
Peter,Cooney,Thomson Reuters
Michael,Copley,S & P Global
Hakan,Copur,Anadolu News Agency
Susan,Cornwell,Thomson Reuters
Robert,Costa,Washington Post
Ivan,Couronne,Agence France-Presse
Richard,Cowan,Thomson Reuters
Matthew,Cox,Military.com
Tim,Craig,Washington Post
Marcy,Crane,S & P Global
Margaret,Crilley,Daily Caller
Martin,Crutsinger,Associated Press
Alan,Cullison,Wall Street Journal/ Dow Jones
Paige,Cunningham,Washington Post
Stephen,Cunningham,Bloomberg News
Timothy,Curran,Washington Post
Laura,Curtis,Bloomberg News
Elodie,Cuzin,Agence France-Presse
Brian,Dabbs,National Journal
Kevin,Daley,Daily Caller
Matthew,Daly,Associated Press
Esther,Damico,Merger Market Group
Matthew,Daneman,Communications Daily
Douglass,Daniel,Associated Press
Mariya,Danilova,Associated Press
Shirish,Date,Huffington Post
Christian,Datoc,Daily Caller
Alex,Daugherty,McClatchy
Shikha,Dave,Market News International
Coral,Davenport,New York Times
Joe,Davidson,Washington Post
Julie,Davidson,LRP Publications
Katherine,Davidson Choma,Wall Street Journal/ Dow Jones
Aaron,Davis,Washington Post
Julie,Davis,New York Times
Robert,Davis,Wall Street Journal/ Dow Jones
Laura,Davison,Bloomberg News
Joshua,Dawsey,Washington Post
Chad,Day,Associated Press
James,Day,Energy Daily
Michael,DeBonis,Washington Post
Camila,DeChalus,CQ Roll Call
Dean,DeChiaro,CQ Roll Call
Cathleen,Decker,Los Angeles Times
Susan,Decker,Bloomberg News
Thomas,DeFrank,National Journal
Ryota,Dei,Jiji Press
Arthur,Delaney,Huffington Post
Jose,Delgado-Robles,El Nuevo Dia
Karoun,Demirjian,Washington Post
Brady,Dennis,Washington Post
Steven,Dennis,Bloomberg News
Breanne,Deppisch,Washington Post
Kush,Desai,Daily Caller
Andrew,Desiderio,Daily Beast
Harold,Desmond,Thomson Reuters
Elizabeth,Dexheimer,Bloomberg News
Karen,DeYoung,Washington Post
Kevin,Diaz,Houston Chronicle
Jose,Diaz-Briseno,Reforma Newspaper
Alina,Dieste Markl,Agence France-Presse
Jeremy,Dillon,CQ Roll Call
Stephen,Dinan,Washington Times
Jennifer,Dlouhy,Bloomberg News
Ekaterina,Dmitrieva,Bloomberg News
Joseph,Dobrik,Global Investigations Review
Christopher,Dolan,Washington Times
David,Dolinger,Wall Street Journal/ Dow Jones
Robert,Donachie,Daily Caller
Margaret,Donaldson,Agence France-Presse
Jessica,Donati-Bourne,Wall Street Journal/ Dow Jones
Michael,Donhauser,German Press Agency - DPA
Shawn,Donnan,Financial Times
John,Donnelly,CQ Roll Call
Terrence,Dopp,Bloomberg News
Oren,Dorell,USA Today
Michael,Dorning,Bloomberg News
Jean-Louis,Doublet,Agence France-Presse
Leah,Douglas,FERN's Ag Insider by Charles Abbott
William,Douglas,McClatchy
Maureen,Dowd,New York Times
James,Downing,Power Markets Today
Kimberly,Dozier,Daily Beast
Kevin,Drawbaugh,Thomson Reuters
Robert,Drogin,Los Angeles Times
David,Drucker,Washington Examiner
Andrea,Drusch,McClatchy
Paul,Duggan,Washington Post
Joshua,du Lac,Washington Post
Emma,Dumain,McClatchy
William,Dunham,Thomson Reuters
William,Dunlop,Agence France-Presse
Lindsay,Dunsmuir,Thomson Reuters
Erin,Durkin,National Journal
Brigitte,Dusseau,Agence France-Presse
Geoffrey,Earle,Daily Mail (UK)
Sabrina,Eaton,Cleveland Plain Dealer
Jenna,Ebersole Vaino,MLEX US
Anna,Edgerton,Bloomberg News
Anna,Edney,Bloomberg News
Ariel,Edwards-Levy,Huffington Post
Curtis,Eichelberger,MLEX US
Joshua,Eidelson,Bloomberg News
Juliet,Eilperin,Washington Post
Peter,Eisler,Thomson Reuters
Maribel,El Hamti,EFE News Services
Donald,Elkins,Associated Press
Kristi,Ellis,S & P Global
Motonobu,Endo,Kyodo News
Seiji,Endo,Akahata
Andrew,Engblom,S & P Global
Saagar,Enjeti,Daily Caller
Edward,Epstein,Argus Media
Jennifer,Epstein,Bloomberg News
Kayla,Epstein,Washington Post
Reid,Epstein,Wall Street Journal/ Dow Jones
Jessica,Estepa,USA Today
Lev,Facher,STAT
David,Fahrenthold,Washington Post
Evan,Fallor,S & P Global
Nicholas,Fandos,New York Times
William,Faries,Bloomberg News
Joan,Faus Catasus,El Pais
Darryl,Fears,Washington Post
Carole,Feldman,Associated Press
Linda,Feldmann,Christian Science Monitor
Kyle,Feldscher,Washington Examiner
Edward,Felker,CQ Roll Call
Peter,Feltman,CQ Roll Call
Ellyn,Ferguson,CQ Roll Call
Susan,Ferrechio,Washington Examiner
Susan,Ferriss,Center for Public Integrity
Elizabeth,Festa,S & P Global
Laura,Figueroa,Newsday
Victoria,Finkle,American Banker
Antonio,Fins,McClatchy
Shannon,Firth,MedPage Today
Jacob,Fischler,CQ Roll Call
Marc,Fisher,Washington Post
Andrew,FitzGerald,Wall Street Journal/ Dow Jones
Anne,Flaherty,Associated Press
Mary,Flaherty,Washington Post
Daniel,Flatley,Bloomberg News
Christopher,Flavelle,Bloomberg News
William,Fleeson,Argus Media
Matthew,Flegenheimer,New York Times
Sam,Fleming,Financial Times
Elise,Foley,Huffington Post
Paul,Fontelo,CQ Roll Call
Francesco,Fontemaggi,Agence France-Presse
Sara,Forden,Bloomberg News
Brett,Forrest,Wall Street Journal/ Dow Jones
Nicholas,Fouriezos,Ozy Media
Alan,Fram,Associated Press
Theodore,Francis,Wall Street Journal/ Dow Jones
Thomas,Frank,Buzzfeed
Amelia,Frappolli,CQ Roll Call
Daniel,Freedman,Hearst Newspapers
Kevin,Freking,Associated Press
Lisa,Friedman,New York Times
John,Fritze,USA Today
Shinichi,Fuchino,Kyodo News
Frank,Fuhrig,German Press Agency - DPA
Matthew,Fuller,Huffington Post
Adrian,Fullwood,Associated Press
Brian,Fung,Washington Post
Karin,Fuog,CQ Roll Call
Robert,Furlow,Associated Press
Phil,Galewitz,Kaiser Health News
Joshua,Gallu,Bloomberg News
Lauren,Gambino,Guardian US
Aldo,Gamboa,Agence France-Presse
Alexandra,Gangitano,CQ Roll Call
Pan,Gao,Xinhua News Agency
Shi,Gao,China People's Daily
Amy,Gardner,Washington Post
Elizabeth,Gardner,Washington Post
Tim,Gardner,Thomson Reuters
Marilyn,Gates-Davis,CQ Roll Call
Anne,Gearan,Washington Post
Joel,Gehrke,Washington Examiner
Christopher,Geidner,Buzzfeed
Philippe,Gelie,Le Figaro
Susannah,George,Associated Press
Daniel,Germain,CQ Roll Call
Saleha,Ghani,Bloomberg News
Nirmal,Ghosh,Singapore Straits Times
Thomas,Gibbons-Neff,New York Times
James,Gibney,Bloomberg News
Michael,Giglio,Buzzfeed
Craig,Gilbert,Milwaukee Journal Sentinel
Jessica,Gilbert,McClatchy
Douglas,Gillison,Agence France-Presse
Todd,Gillman,Dallas Morning News
Jack,Gillum,Washington Post
Steven,Ginsberg,Washington Post
Gregory,Giroux,Bloomberg News
David,Givens,Argus Media
Kyle,Glazier,Bond Buyer
Nina,Glinski,Bloomberg News
Katharine,Glueck,McClatchy
Anthony,Gnoffo,CQ Roll Call
Raquel,Godos de la Puente,EFE News Services
Matea,Gold,Washington Post
Rodrek,Golden,Thomson Reuters
Marisha,Goldhamer Sherry,Agence France-Presse
Adam,Goldman,New York Times
Amy,Goldstein,Washington Post
David,Goldstein,McClatchy
Steven,Goldstein,MarketWatch
Vince,Golle,Bloomberg News
Sergio,Gomez,El Tiempo
Allison,Good,S & P Global
Emily,Goodin,Daily Mail (UK)
Alana,Goodman,Daily Mail (UK)
Elizabeth,Goodwin,Boston Globe
Eric,Goodwin,McClatchy
Christopher,Gordon,Wall Street Journal/ Dow Jones
D,Gordon,Bloomberg News
Gregory,Gordon,McClatchy
Marcy,Gordon,Associated Press
Meghan,Gordon,S & P Global
Michael,Gordon,Wall Street Journal/ Dow Jones
Takayoshi,Goto,Tokyo Chunichi Shimbun
Anne,Grady,CQ Roll Call
Dino,Grandoni,Washington Post
Paul,Grant,Thomson Reuters
Lucia,Graves,Guardian US
Brendan,Greeley,Bloomberg News
Calvin,Greenwood,Bloomberg News
Aaron,Gregg,Washington Post
Jessica,Gresko,Associated Press
Ryan,Grim,Intercept (The)
James,Grimaldi,Wall Street Journal/ Dow Jones
Claudia,Grisales,Stars and Stripes
Anne L,Groer,Annie Groer Writer At Large
Maureen,Groppe,Gannett Washington Bureau
Nicholas,Grube,Honolulu Civil Beat
Tomas,Guevara,El Diario de Hoy
Haik,Gugarats,Argus Media
Kenneth,Guggenheim,Associated Press
Sadie,Gurman,Wall Street Journal/ Dow Jones
Georgina,Gustin,Inside Climate News
Brandon,Haas,CQ Roll Call
Michelle,Hackman,Wall Street Journal/ Dow Jones
Cornelius,Haggerty,American Banker
Neil,Haggerty,MLEX US
Dorothea,Hahn,Die Tageszeitung
Sara,Haire,Market News International
Eileen,Hall,Buzzfeed
Kevin,Hall,McClatchy
Tamar,Hallerman,Atlanta Journal Constitution
Evan,Halper,Los Angeles Times
Ashley,Halsey,Washington Post
Carlos,Hamann,Agence France-Presse
Thomas,Hamburger,Washington Post
Christopher,Hamby,Buzzfeed
Jesse,Hamilton,Bloomberg News
Olivia,Hampton,Agence France-Presse
Samuel,Hananel,Associated Press
James,Hancock,Kaiser Health News
Paul,Handley,Agence France-Presse
Timothy,Hanrahan,Wall Street Journal/ Dow Jones
Jennifer,Harper,Washington Times
Steven,Harras,CQ Roll Call
Andrew,Harris,Bloomberg News
Gardiner,Harris,New York Times
Shane,Harris,Washington Post
David,Harrison,Wall Street Journal/ Dow Jones
Andrew,Harwell,Washington Post
Estelita,Hass Carazzai,Folha de Sao Paulo
David,Hatch,Daily Deal
Derek,Hawkins,Washington Post
Yuka,Hayashi,Wall Street Journal/ Dow Jones
Christal,Hayes,USA Today
Bradford,Heath,USA Today
Susan,Heavey,Thomson Reuters
Joseph,Heim,Washington Post
Philipp,Heissler,Handelsblatt
Rosalind,Helderman,Washington Post
John,Heltman,American Banker
Celia,Henderson,Wall Street Journal/ Dow Jones
Maren,Hennemuth,German Press Agency - DPA
Kathleen,Hennessey,Associated Press
Karin,Henriksson,Svenska Dagbladet
Molly,Hensley-Clancy,Buzzfeed
Karl,Herchenroeder,Communications Daily
Carmen,Heredia Rodriguez,Kaiser Health News
Peter,Hermann,Washington Post
Elizabeth,Hernadi,Kaiser Health News
Arelis,Hernandez,Washington Post
Michael,Hernandez,Anadolu News Agency
Astead,Herndon,Boston Globe
Frank,Herrmann,Rheinische Post
Elizabeth,Hewitt,Vermont Digger
Sean,Higgins,Washington Examiner
Ko,Hirano,Kyodo News
Zahra,Hirji,Buzzfeed
Zenon,Hnatyshyn,Baltimore Sun
Wendy,Hoagland,McClatchy
James,Hohmann,Washington Post
Dominic,Holden,Buzzfeed
Benjamin,Holland,Bloomberg News
Jesse,Holland,Associated Press
William,Holland,S & P Global
Allan,Holmes,Center for Public Integrity
Jacob,Holzman,CQ Roll Call
David,Hood,S & P Global
Janet,Hook,Wall Street Journal/ Dow Jones
Jamie,Hopkins,Center for Public Integrity
Jeffrey,Horwitz,Associated Press
Sari,Horwitz,Washington Post
Mark,Hosenball,Thomson Reuters
Billy,House,Bloomberg News
Colleen,Howe,Argus Media
Thomas,Howell,Washington Times
Taisei,Hoyama,Nikkei
Spencer,Hsu,Washington Post
Zexi,Hu,China People's Daily
Jasmin,Hudson,S & P Global
John,Hudson,Buzzfeed
Emily,Huetteman,Kaiser Health News
Caitlin,Huey-Burns,Real Clear Politics
John,Hughes,Bloomberg News
Siobhan,Hughes,Wall Street Journal/ Dow Jones
Terence,Huie,CQ Roll Call
Carl,Hulse,New York Times
Rebecca Lynn,Hume,Bond Buyer
Albert,Hunt,Bloomberg News
John,Hunter,CQ Roll Call
Lawrence,Hurley,Thomson Reuters
Charles,Hurt,Washington Times
Michail,Ignatiou,Phileleftheros Cyprus
Susumu,Ikeda,Akahata
Tamara,Ilaria,Freelance
Kasim,Ileri,Anadolu News Agency
Gregory,Ip,Wall Street Journal/ Dow Jones
Katherine,Irby,McClatchy
Miki,Ishibashi,Kyodo News
Hideyuki,Ishigaki,Jiji Press
Tomonori,Ishikawa,Tokyo Chunichi Shimbun
John,Ismay,New York Times
Hitoshi,Ito,Kyodo News
David,Ivanovich,Argus Media
David,Jackson,USA Today
Herbert,Jackson,"Record (Bergen County, NJ)"
Benjamin,Jacobs,Guardian US
Jennifer,Jacobs,Bloomberg News
Susan,Jaffe,Freelance
Daniel,Jahn,Agence France-Presse
Maryam,Jameel,Center for Public Integrity
Joshua,Jamerson,Wall Street Journal/ Dow Jones
Dave,Jamieson,Huffington Post
Tracy,Jan,Washington Post
Bart,Jansen,USA Today
Emily,Jashinsky,Washington Examiner
John,Jenkins,Religion News Service
Paul,Jenks,CQ Roll Call
Leah,Jessen,Daily Caller
Lalit,Jha,India Press Trust
Zaid,Jilani,Intercept (The)
Minmin,Jin,Xinhua News Agency
Arit,John,Bloomberg News
Benjamin,Johnson,Daily Caller
Jenna,Johnson,Washington Post
Kevin,Johnson,USA Today
Timothy,Johnson,McClatchy
Vincent,Johnson,Variety
Margret,Johnston,German Press Agency - DPA
Barnaby,Jopson,Financial Times
Alethea,Jordan,Gannett Washington Bureau
Cyril,Julien,Agence France-Presse
Hyosik,Jung,Joongang Ilbo
Michitaka,Kaiya,Yomiuri Shimbun
Sara,Kamouni,Agence France-Presse
Ronald,Kampeas,Jewish Telegraphic Agency
Paul,Kane,Washington Post
Rui,Kaneya,Center for Public Integrity
Cecilia,Kang,New York Times
Insun,Kang,Chosun Ilbo
Jin Woo,Kang,Korea Times
Hiroyuki,Kano,Sankei Shimbun
Sheila,Kaplan,New York Times
Thomas,Kaplan,New York Times
Sahil,Kapur,Bloomberg News
Petros,Kasfikis,Eleftheros Typos
Kevin,Kastner,Market News International
Keisuke,Katori,Asahi Shimbun
David,Kaut,Communications Daily
Motoko,Kawachi,Nikkei
Tomoyuki,Kawai,Nikkei
Takeshi,Kawanami,Nikkei
Daniel,Keating,Washington Post
Stephen,Keefe,Nikkei
John,Kehoe,Australian Financial Review
Amanda,Kell,Associated Press
Patrick,Kelley,CQ Roll Call
Laurie,Kellman Blazar,Associated Press
Brendan,Kelly,Kyodo News
Christopher,Kelly,Tokyo Chunichi Shimbun
Erin,Kelly,USA Today
Kimbriell,Kelly,Washington Post
Laura,Kelly,Washington Times
Ryan,Kelly,CQ Roll Call
Muhammed,Kenasari,Anadolu News Agency
Brent,Kendall,Wall Street Journal/ Dow Jones
Elizabeth,Kennedy,Associated Press
Henry,Kenyon,CQ Roll Call
Jennifer,Kerr,Associated Press
Noella,Kertes,CQ Roll Call
Benjamin,Kesling,Wall Street Journal/ Dow Jones
Glenn,Kessler,Washington Post
Ashraf,Khalil,Associated Press
Francine,Kiefer,Christian Science Monitor
Paul,Kiernan,Wall Street Journal/ Dow Jones
Anne,Kim,CQ Roll Call
Seung Min,Kim,Washington Post
Kimberly,Kindy,Washington Post
Ledyard,King,Gannett Washington Bureau
Robert,King,Washington Examiner
Dmitry,Kirsanov,Itar-Tass News Agency
David,Kittross,LRP Publications
Bradley,Klapper,Associated Press
Philip,Klein,Washington Examiner
Katarzyna,Klimasinska,Bloomberg News
Eric,Klimek,Associated Press
Laura,Knickmeyer,Associated Press
Christopher,Knight,Argus Media
Stephen,Koff,Cleveland Plain Dealer
Steven,Komarow,CQ Roll Call
Yoshihisa,Komori,Sankei Shimbun
Masaki,Kondo,Jiji Press
Jiro,Konishi,Jiji Press
Jennifer,Koons,CQ Roll Call
Emily,Kopp,Kaiser Health News
Gregory,Korte,USA Today
Weston,Kosova,Bloomberg News
Hiroyuki,Kotake,Nikkei
Iva,Kovacheva,Mainichi Shimbun
Rosalind,Krasny,Bloomberg News
Paul,Krawczak,CQ Roll Call
Robert,Krebs,CQ Roll Call
Anita,Kumar,McClatchy
Kazuhiro,Kurihara,Kyodo News
Shuhei,Kuromi,Yomiuri Shimbun
Yoshinari,Kurose,Sankei Shimbun
Katharine,Lackey,USA Today
Howard,LaFranchi,Christian Science Monitor
Sharon,LaFraniere,New York Times
Keith,Laing,Detroit News
Eli,Lake,Bloomberg News
Lisa,Lambert,Thomson Reuters
William,Lambrecht,Hearst Newspapers
Jonathan,Landay,Thomson Reuters
Mark,Landler,New York Times
Michael,Langan,Agence France-Presse
Jason,Lange,Thomson Reuters
Scott,Lanman,Bloomberg News
Makini,Lanne,Thomson Reuters
Sylvie,Lanteaume,Agence France-Presse
Richard,Lardner,Associated Press
Sarah,Larimer,Washington Post
Michael,Laris,Washington Post
David,Lauter,Los Angeles Times
Marianne,Lavelle,Inside Climate News
David,Lawder,Thomson Reuters
Joseph,Lawler,Washington Examiner
Jill,Lawrence,USA Today
Patricia,Laya,Bloomberg News
Lyndsey,Layton,Washington Post
Lucia,Leal Martinez Bujanda,EFE News Services
Joshua,Learn,S & P Global
Alex,Leary,Tampa Bay Times
Stuart,Leavenworth,McClatchy
Joshua,Lederman,Associated Press
Hinton,Lee,Associated Press
Chang Yul,Lee,Korea Times
Dong,Lee,Los Angeles Times
Haye-Ah,Lee,Yonhap News Agency
JONG-KOOK,Lee,Korea Times
Mara,Lee,International Trade Today
Matthew,Lee,Associated Press
Michelle,Lee,Washington Post
Seung-Gwon,Lee,Yonhap News Agency
David,Lefkow,Agence France-Presse
Donna Claire,Leger,USA Today
Mark,Leibovich,New York Times
Katherina,Lemus,Thomson Reuters
Jennifer,Leonard,Bloomberg News
Kimberly,Leonard,Washington Examiner
Randall,Leonard,CQ Roll Call
Alexis,Leondis,Bloomberg News
Lisa,Lerer,Associated Press
David,Lerman,CQ Roll Call
William,Lester,Associated Press
Benjamin,Leubsdorf,Wall Street Journal/ Dow Jones
Carl,Leubsdorf,Dallas Morning News
Rachel,Leven,Center for Public Integrity
Robert,Lever,Agence France-Presse
Noam,Levey,Los Angeles Times
Alan,Levin,Bloomberg News
Carrie,Levine,Center for Public Integrity
Samuel,Levine,Huffington Post
Alexis,Levinson,Buzzfeed
David,Levinthal,Center for Public Integrity
Herbert,Lewis,CQ Roll Call
Katherine,Lewis,Freelance
Matthew,Lewis,Daily Beast
Philip,Lewis,Huffington Post
Dana,Liebelson,Huffington Post
Larry,Liebert,Bloomberg News
David,Lightman,McClatchy
Eric,Lindeman,Energy Daily
Juliet,Linderman,Associated Press
Anne,Linskey,Boston Globe
Adam,Liptak,New York Times
Eric,Lipton,New York Times
Walter,Little,Bloomberg News
chen,Liu,Xinhua News Agency
Rebecca,Livingston,Texas Tribune
Thomas,LoBianco,Associated Press
George,Lobsenz,Energy Daily
Carolyn,Lochhead,San Francisco Chronicle
Raymond,Locker,USA Today
Frank,Lockwood,Arkansas Democrat-Gazette
Eduardo,Londres,Bloomberg News
Colleen,Long,Associated Press
Heather,Long,Washington Post
Emma,Loop,Buzzfeed
Jose,Lopez,Notimex Mexican News Agency
James,Lovegrove,Charleston Post and Courier
Wesley,Lowery,Washington Post
Joan,Lowy,Associated Press
Gordon,Lubold,Wall Street Journal/ Dow Jones
Elizabeth,Lucas,Kaiser Health News
Ryan,Lucas,CQ Roll Call
Tammy,Lucas,CQ Roll Call
Kathryn Jane,Lucero,MLEX US
Catherine,Lucey,Associated Press
Xiaoyuan,Luo,World Journal
Sydney,Lupkin,Kaiser Health News
Michael,Lustig,S & P Global
Shefali,Luthra,Kaiser Health News
David,Lynch,Washington Post
Sarah,Lynch,Thomson Reuters
Suzanne,Lynch,Irish Times
Kristian,Madsen,Politiken
Michael,Magner,CQ Roll Call
Boris,Makarov,Itar-Tass News Agency
Jonathan,Make,Communications Daily
Sandra,Maler,Thomson Reuters
Patrick,Malone,Center for Public Integrity
Brian,Mandato,McClatchy
Edward,Mann,Wall Street Journal/ Dow Jones
James,Mannion,Agence France-Presse
Katrina,Manson,Financial Times
Daniel,Marans,Huffington Post
Jude,Marfil,Wall Street Journal/ Dow Jones
Kim Ben,Marino,Financial Times
Lachlan,Markay,Daily Beast
Lauren,Markoe Kolko,Religion News Service
Mariuccia,Marolo,WolfNews
Chris,Marquette,CQ Roll Call
Jonnelle,Marte,Washington Post
Gary,Martin,Las Vegas Review-Journal
Jonathan,Martin,New York Times
Lawrence,Martin,Globe and Mail
Hern√°n,Martin Alonso,EFE News Services
Juan,Martinez Ahrens,El Pais
Erica,Martinson,Anchorage Daily News
David,Martosko,Daily Mail (UK)
Lisa,Mascaro,Associated Press
Jeffrey,Mason,Thomson Reuters
Lauren,Masterson,Argus Media
David,Mastio,USA Today
Michael,Mathes,Agence France-Presse
Terrence,Matsuo,Asahi Shimbun
Mark,Matthews,Denver Post
William,Mauldin,Wall Street Journal/ Dow Jones
Tracie,Mauriello,Pittsburgh Post-Gazette
Andrew,Mayeda,Bloomberg News
Elodie,Mazein,Agence France-Presse
Robert,McCartney,Washington Post
Ryan,McCrimmon,CQ Roll Call
Mary,McGinley,Washington Post
Michael,McGough,Los Angeles Times
Clyde,McGrady,CQ Roll Call
Sarah,McGregor,Bloomberg News
Paul,McHale,CQ Roll Call
Mary Ellen,McIntire,CQ Roll Call
Michelle,McIntyre,Washington Post
Susan,McKelway,Washington Examiner
Francine,McKenna,MarketWatch
John,McKinnon,Wall Street Journal/ Dow Jones
Patricia,McKnight,Merger Market Group
David,McLaughlin,Bloomberg News
Seth,McLaughlin,Washington Times
Paul,McLeod,Buzzfeed
Doyle,McManus,Los Angeles Times
Sean,McMinn,CQ Roll Call
Lindsey,McPherson,CQ Roll Call
Clifton,Meadows,New York Times
Laura,Meckler,Wall Street Journal/ Dow Jones
Brian,Meehan,Bloomberg News
Christopher,Megerian,Los Angeles Times
Craig,Mehall,CQ Roll Call
Kellie,Mejdrich,CQ Roll Call
Ted,Mellnik,Washington Post
Marsha,Mercer,Mercer Media
Paul,Merrion,MLEX US
Erin,Mershon,STAT
Coleman,Michael,Albuquerque Journal
David,Michaels,Wall Street Journal/ Dow Jones
James,Michaels,USA Today
Chris,Middleton,Bloomberg News
Dana,Milbank,Washington Post
Gregory,Miller,Washington Post
Jonathan,Miller,CQ Roll Call
Kathleen,Miller,Bloomberg News
Richard,Miller,Bloomberg News
Steven,Miller,Washington Times
Zeke,Miller,Associated Press
Sarah,Mimms,Buzzfeed
Michelle,Minkoff,Associated Press
Ricardo,Mir de Francia,El Periodico
Makoto,Mitsui,Yomiuri Shimbun
Todd,Moday,Bloomberg News
Arshad,Mohammed,Thomson Reuters
Virginie,Montet,Agence France-Presse
David,Montgomery,Washington Post
Lori,Montgomery,Washington Post
Frederick,Monyak,Associated Press
Sean,Moody,Daily Caller
Julie,Moos,McClatchy
Eric,Morath,Wall Street Journal/ Dow Jones
Jeff,Mordock,Washington Times
Carol,Morello,Washington Post
David,Morgan,Thomson Reuters
Jonathan,Morgan,Bloomberg News
Madeleine,Morgenstern,Washington Examiner
James,Morris,Center for Public Integrity
Gabriella,Morrongiello,Washington Examiner
Adrian,Morrow,Globe and Mail
Joseph,Morton,Omaha World-Herald
Sara,Mosqueda-Fernandez,S & P Global
Gregory,Mott,Bloomberg News
Leo,Mouren,Agence France-Presse
Steven,Mufson,Washington Post
Tomoko,Mullaney,Associated Press
Broderick,Mullins,Wall Street Journal/ Dow Jones
Carlo,Munoz,Washington Times
Gabriella,Munoz,Washington Times
Kery,Murakami,S & P Global
Brendan,Murray,Bloomberg News
Lucia,Mutikani,Thomson Reuters
Jim,Myers,Tulsa World
Marcia,Myers,CQ Roll Call
Elissa,Nadworny,Bloomberg News
Aki,Naganuma,Nikkei
Tsuyoshi,Nagasawa,Nikkei
David,Nakamura,Washington Post
Ryo,Nakamura,Nikkei
Ellen,Nakashima,Washington Post
Daniel,Nasaw,Wall Street Journal/ Dow Jones
Aryeh,Natter,Bloomberg News
Beatriz,Navarro,La Vanguardia
Elvina,Nawaguna,CQ Roll Call
Sean,Naylor,Yahoo News
Aleksandr,Nazaryan,Yahoo News
Lauran,Neergaard Ashworth,Associated Press
Eliot,Nelson,Huffington Post
Steven,Nelson,Washington Examiner
Daniel,Newhauser,National Journal
Christopher,Newkumet,S & P Global
Arthur,Newmyer,Washington Post
Antonia,Nguyen,Merger Market Group
Peter,Nicholas,Wall Street Journal/ Dow Jones
Alexander,Nickol,Yomiuri Shimbun
Carol,Nippert,McClatchy
Dion,Nissenbaum,Wall Street Journal/ Dow Jones
Julia,Nista,Daily Caller
Yuji,Niwa,Kyodo News
Naomi,Nix,Bloomberg News
Ronnie,Nixon,New York Times
Katherine,Nocera,Buzzfeed
Viveca,Novak,McClatchy
Benjamin,Nuckols,Associated Press
Sharon,Nunn,Wall Street Journal/ Dow Jones
Amy,Nutt,Washington Post
Rex,Nutting,MarketWatch
Leah,Nylen,MLEX US
Emma,O'Connor,Buzzfeed
Satoshi,Ogawa,Yomiuri Shimbun
Robert,O'Harrow,Washington Post
Stephen,Ohlemacher,Associated Press
Abigail,Ohlheiser,Washington Post
Kathryn,O'Keeffe,Wall Street Journal/ Dow Jones
Seima,Oki,Yomiuri Shimbun
Mark,Olchowy,Associated Press
James,Oliphant,Thomson Reuters
Toluse,Olorunnipa,Bloomberg News
Laura,Olson,Allentown Morning Call
Erica,Orden,Wall Street Journal/ Dow Jones
Francisco,Ordonez,McClatchy
Jill,Ornitz,S & P Global
Ronald,Orol,Daily Deal
Ahmad,Orya,Associated Press
James,Osborne,Houston Chronicle
James,Ostroff,S & P Global
Rachel,Oswald,CQ Roll Call
Alan,Ota,CQ Roll Call
Matthew,Ott,Associated Press
Christian,Otton,Agence France-Presse
Robert,Ourlian,Wall Street Journal/ Dow Jones
Paul,Overberg,Wall Street Journal/ Dow Jones
Julie,Pace,Associated Press
Clarence,Page,Chicago Tribune
Paul,Page,Wall Street Journal/ Dow Jones
Susan,Page,USA Today
Alexander,Pakhomov,Itar-Tass News Agency
Damian,Paletta,Washington Post
Nicolas,Pandi,Jiji Press
Alexander,Panetta,Canadian Press
Kristen,Parillo,MLEX US
Gilles,Paris,Le Monde
Sarah,Park,Yonhap News Agency
Jiyoung,Park,Korea Times
Ashley,Parker,Washington Post
Alicia,Parlapiano,New York Times
William,Parschalk,Jiji Press
Christi,Parsons,Chicago Tribune
James,Parsons,Defense Daily
Tarini,Parti,Buzzfeed
Beatriz,Pascual Macias,EFE News Services
Anjali,Patel,LRP Publications
Oriana,Pawlyk,Military.com
Daniel,Peake,CQ Roll Call
Robert,Pear,New York Times
Maria,Pena,La Opinion
Matthew,Pennington,Associated Press
Heather,Perlberg,Bloomberg News
Benjamin,Pershing,National Journal
Sally,Persons,Washington Times
Edward,Pesce,CQ Roll Call
Jeremy,Peters,New York Times
Kristina,Peterson,Wall Street Journal/ Dow Jones
Shannon,Pettypiece,Bloomberg News
Patrick,Pexton,CQ Roll Call
Amber,Phillips,Washington Post
James,Phillips,Warren Communications News
Michael,Phillips,Wall Street Journal/ Dow Jones
Thomas,Philpott,Military Update
Thomas,Phippen,Daily Caller
Sonya,Pollard,Bloomberg News
Richard,Pollock,Daily Caller
Jenna,Portnoy,Washington Post
Elliot,Postell,Washington Post
Martine,Powers,Washington Post
Joi,Preciphs,Bloomberg News
Kevin,Princic,Yomiuri Shimbun
Maria,Puente,USA Today
Anthony,Pugh,McClatchy
Melinda,Purce,Associated Press
Peggy,Putman,Associated Press
James,Puzzanghera,Los Angeles Times
Yiqing,Qiu,New York Times
Melissa,Quinn,Washington Examiner
Hira,Qureshi,CQ Roll Call
Charles,Raasch,St. Louis Post-Dispatch
Ana,Radelat,Connecticut Mirror
Louise,Radnofsky,Wall Street Journal/ Dow Jones
Sethuraman,Rajagopalan,Pioneer - India
Chidanand,Rajghatta,Times of India
Sandhya,Raman,CQ Roll Call
Roberta,Rampton,Thomson Reuters
Maya,Rao,Minneapolis Star Tribune
Alan,Rappeport,New York Times
Gopal,Ratnam,CQ Roll Call
Jordan,Rau,Kaiser Health News
Francesca Rose,Regalado,Yomiuri Shimbun
Debra,Reichmann-Kepler,Associated Press
Ryan,Reilly,Huffington Post
Lisa,Rein,Washington Post
Beth,Reinhard,Washington Post
Andrea,Ricci,Thomson Reuters
Carter,Rice,Asahi Shimbun
Gillian,Rich,Investor's Business Daily
Bradford,Richardson,Washington Times
Warren,Richey,Christian Science Monitor
Laura,Rigby,Bloomberg News
Michael,Riley,Bloomberg News
Benedict,Riley-Smith,London Daily Telegraph
Salvador,Rizzo,Washington Post
Alexander,Roarty,McClatchy
Gregory,Robb,MarketWatch
Catalina,Roberts,CQ Roll Call
Gillian,Roberts,CQ Roll Call
Gregory,Roberts,Energy Daily
Jordan,Robertson,Bloomberg News
Abraham,Robinson,Asahi Shimbun
Eugene,Robinson,Washington Post
John,Robinson,Defense Daily
Leopoldo,Rocha Ocampo,S & P Global
Henry,Rodgers,Daily Caller
Kathryn,Rogers,New York Times
Joshua,Rogin,Washington Post
Manuel,Roig-Franzia,Washington Post
Neil,Roland,MLEX US
Anthony,Romm,Washington Post
Matthew,Rosenberg,New York Times
Joyce,Rosenthal,MedPage Today
Michael,Rosenwald,Washington Post
Luke,Rosiak,Daily Caller
Andreas,Ross,Frankfurter Allgemeine Zeitung
Sonya,Ross,Associated Press
Aram,Roston,Buzzfeed
Sebastian,Rotella,ProPublica
Betsy,Rothstein,Daily Caller
Herve,Rouach,Agence France-Presse
Julia,Rovner,Kaiser Health News
Eric,Rowe,Asahi Shimbun
Catarina,Rowinsky,Bloomberg News
Christopher,Rowland,Boston Globe
James,Rowley,Bloomberg News
Gabriel,Rubin,Wall Street Journal/ Dow Jones
Richard,Rubin,Wall Street Journal/ Dow Jones
Patrick,Rucker,Thomson Reuters
Philip,Rucker,Washington Post
Renzo,Ruf,Aargauer Zeitung
Christopher,Rugaber,Associated Press
Todd,Ruger,CQ Roll Call
Jason,Russell,Washington Examiner
Timothy,Ryan,Thomson Reuters
Laura,Saarikoski,Helsingin Sanomat
Rozina,Sabur,London Daily Telegraph
Yasuyiki,Sakamoto,Kyodo News
Vivian,Salama,Wall Street Journal/ Dow Jones
Jonathan,Salant,NJ Advance Media
Michele,Salcedo,Associated Press
Maryam,Saleh,Intercept (The)
Stephen,Salfeety,CQ Roll Call
Rafael,Salido Ortiz,EFE News Services
Marvin,Salmeron,Bloomberg News
Claudio,Salvalaggio,ANSA
Lexier,Samuels,CQ Roll Call
Robert,Samuels,Washington Post
Alfonso,Sanchez,EFE News Services
Victor,Sancho Lacalle,El Universal
Edmund,Sanders,Los Angeles Times
David,Sands,Washington Times
David,Sanger,New York Times
Margot,Sanger Katz,New York Times
Jathon,Sapsford,Wall Street Journal/ Dow Jones
Giuseppe,Sarcina,Corriere Della Sera
Debra,Saunders,Las Vegas Review-Journal
David,Savage,Los Angeles Times
Wataru,Sawamura,Asahi Shimbun
William,Scally,William Scally Reports
Rowan,Scarborough,Washington Times
Juliane,Schaeuble,Der Tagesspiegel
Joel,Schectman,Thomson Reuters
Michael,Scherer,Washington Post
Kristy,Scheuble,Bloomberg News
Jacob,Schlesinger,Wall Street Journal/ Dow Jones
Courtney,Schlisserman,Argus Media
Michael,Schmidt,New York Times
Robert,Schmidt,Bloomberg News
Eric,Schmitt,New York Times
Howard,Schneider,Thomson Reuters
Thomas,Schoenberg,Bloomberg News
Fredreka,Schouten,USA Today
Martin,Schram,Tribune Content Agency
Peter,Schroeder,Thomson Reuters
Robert,Schroeder,MarketWatch
Jessica,Schulberg,Huffington Post
Fred,Schulte,Kaiser Health News
Marisa,Schultz,New York Post
Bryan,Schutt,S & P Global
Nicole,Schwab,Daily Mail (UK)
Felicia,Schwartz,Wall Street Journal/ Dow Jones
Heather,Scott-Molleda,Agence France-Presse
Megan,Scully,CQ Roll Call
Hope,Seck,Military.com
Alex,Segura Lozano,EFE News Services
Gerald,Seib,Wall Street Journal/ Dow Jones
Mark,Seibel,Buzzfeed
Marc,Selinger,Defense Daily
William,Selway,Bloomberg News
Kylie,Sertic,Kyodo News
Demetri,Sevastopulo,Financial Times
Sara,Shahbazi,CQ Roll Call
Thomas,Shanker,New York Times
Michael,Shaw,CQ Roll Call
Michael,Shear,New York Times
Michael,Shepard,Bloomberg News
David,Shepardson,Thomson Reuters
Brittany,Shepherd,Independent Journal Review
Kathleen,Sheppard,Huffington Post
David,Sherfinski,Washington Times
Mark,Sherman,Associated Press
Deirdre,Shesgreen,Gannett Washington Bureau
Mark,Shields,Creators Syndicate
Todd,Shields,Bloomberg News
John,Shiffman,Thomson Reuters
Kenji,Shimizu,Mainichi Shimbun
Takayoshi,Shimizu,Kyodo News
Nagahisa,Shiobara,Sankei Shimbun
Himori,Shiro,Kyodo News
Rebecca,Shore,Merger Market Group
Rachel,Shorey,New York Times
Kadhim,Shubber,Financial Times
Jennifer,Shutt,CQ Roll Call
Lew,Sichelman,United Media
John,Siciliano,Washington Examiner
Sabrina,Siddiqui,Guardian US
Andrew,Siddons,CQ Roll Call
Joshua,Siegel,Washington Examiner
Adam,Sigal,MLEX US
Paul,Simao,Thomson Reuters
Erica,Simon,New York Times
Ian,Simpson,Thomson Reuters
Justin,Sink,Bloomberg News
Samuel,Sipkin,CQ Roll Call
Richard,Sisk,Military.com
Ronald,Skarzenski,New York Times
Donovan,Slack,USA Today
James,Slater,Agence France-Presse
David,Sloan,Christian Science Monitor
Jeanna,Smialek,Bloomberg News
Andrew,Smith,S & P Global
David,Smith,Guardian US
Jeffrey,Smith,Center for Public Integrity
Sarah,Smith,S & P Global
James,Snyder,Argus Media
Joseph,Sobczyk,Bloomberg News
Jerome,Socolovsky,Religion News Service
Sandhya,Somashekhar,Washington Post
Sugyong,Song,Yonhap News Agency
Paul,Sonne,Washington Post
Koji,Sonoda,Asahi Shimbun
Todd,Spangler,Detroit Free Press
Jim,Spencer,Minneapolis Star Tribune
Matthew,Spetalnick,Thomson Reuters
Miranda,Spivack,Freelance
Buford,Springer,Daily Caller
Jeff,Stanfield,S & P Global
Stephanie,Stapleton,Kaiser Health News
William,Steakin,Independent Journal Review
Susan,Steel,Fairchild Publications
Jeffrey,Stein,Washington Post
Samuel,Stein,Daily Beast
Jennifer,Steinhauer,New York Times
William,Sternberg,USA Today
Cameron,Stewart,Australian Newspaper
Bruce,Stewart,Sankei Shimbun
Phillip,Stewart,Thomson Reuters
Gregory,Stohr,Bloomberg News
Holly,Stokes,Market News International
Sheryl,Stolberg,New York Times
Bryn,Stole,Baton Rouge Advocate
Michael,Stone,Thomson Reuters
Mark,Stricherz,CQ Roll Call
Warren,Strobel,Thomson Reuters
Christopher,Strohm,Bloomberg News
Thomas,Strong,Associated Press
Susan,Stumme,Agence France-Presse
Nidhi,Subbaraman,Buzzfeed
Asawin,Suebsaeng,Daily Beast
Mikio,Sugeno,Nikkei
Tadashi,Sugiyama,Asahi Shimbun
Andrew,Sullivan,Thomson Reuters
Gregory,Sullivan,Bloomberg News
Kevin,Sullivan,Washington Post
Patricia,Sullivan,Washington Post
Sean,Sullivan,Washington Post
Sean,Sullivan,S & P Global
Ding,Sun,Xinhua News Agency
Lena,Sun,Washington Post
Darlene,Superville,Associated Press
Jeanne,Sweeney,LRP Publications
Lynn,Sweet,Chicago Sun-Times
Isaac,Swetlitz,STAT
Stephen,Sword,CQ Roll Call
Alexandria,Swoyer,Washington Times
Nafeesa,Syeed,Bloomberg News
Jason,Szep,Thomson Reuters
Aymen,Tabir,Saudi Press Agency
Michael,Tackett,New York Times
Kota,Takamoto,Mainichi Shimbun
Toru,Takei,Kyodo News
Margaret,Talev,Bloomberg News
Ian,Talley,Wall Street Journal/ Dow Jones
Jonathan,Tamari,Philadelphia Inquirer
Emily,Tamkin,Buzzfeed
Nobuyuki,Tanaka,Nishi-Nippon Shimbun
Yukiko,Tanaka,Kyodo News
Yumi,Tanaka,Jiji Press
Joseph,Tanfani,Los Angeles Times
James,Tankersley,New York Times
Alexandre,Tanzi,Bloomberg News
Byron,Tau,Wall Street Journal/ Dow Jones
William,Tayloe,Communications Daily
Andrew,Taylor,Associated Press
Guy,Taylor,Washington Times
Marisa,Taylor,Kaiser Health News
Ira,Teinowitz,MLEX US
Michael,Teitelbaum,CQ Roll Call
Benjamin,Tenerella-Brody,Bloomberg News
Amanda,Terkel,Huffington Post
Benjamin,Terris,Washington Post
Ishaan,Tharoor,Washington Post
William,Theobald,Gannett Washington Bureau
Ashley,Thomas,Associated Press
Kenneth,Thomas,Associated Press
Richard,Thomas,Voterama in Congress
Robert,Thomason,MLEX US
Glenn,Thrush,New York Times
Tamara,Thueringer,Bloomberg News
Zoe,Tillman,Buzzfeed
Ian,Timberlake,Agence France-Presse
Nicolas,Timiraos,Wall Street Journal/ Dow Jones
Heather,Timmons,Quartz
Joseph,Tipograph,Merger Market Group
Roxana,Tiron,Bloomberg News
Sakae,Toiyama,Ryukyu Shimpo
Mineko,Tokito,Yomiuri Shimbun
Michael,Tomasky,Daily Beast
Robert,Tomkin,CQ Roll Call
Gregory,Toppo,USA Today
Yeganeh,Torbati,Thomson Reuters
Craig,Torres,Bloomberg News
Harriet,Torry,Wall Street Journal/ Dow Jones
John,Torry,Columbus Dispatch
Shigeki,Tosa,Asahi Shimbun
Jacqueline,Toth,CQ Roll Call
Delphine,Touitou,Agence France-Presse
Gregory,Tourial,CQ Roll Call
Ryan,Tracy,Wall Street Journal/ Dow Jones
Albert,Traver,EFE News Services
Sarah,Tribble,Kaiser Health News
Ayesha,Trice,Thomson Reuters
Travis,Tritten,Washington Examiner
William,Trott,Thomson Reuters
Mark,Trumbull,Christian Science Monitor
Stephanie,Tsao,S & P Global
Yu-Fen,Tsao,Liberty Times
Konomi,Tsuchiya,Kyodo News
Eric,Tucker,Associated Press
Katherine,Tully-McManus,CQ Roll Call
Brian,Tumulty,Bond Buyer
Karen,Tumulty,Washington Post
Victoria,Turner,Merger Market Group
Eri,Urano,Tokyo Chunichi Shimbun
August,Valk,Handelsblad
Thomas,Vanden Brook,USA Today
Kevin,Varley,Bloomberg News
Daniel,Vergano,Buzzfeed
Elise,Viebeck,Washington Post
Kristine,Viesselman,CQ Roll Call
Lissandra,Villa Huerta,Buzzfeed
Kevin,Vineys,Associated Press
Matthew,Viser,Boston Globe
Aruna,Viswanatha,Wall Street Journal/ Dow Jones
Toula,Vlahou,CQ Roll Call
Kenneth,Vogel,New York Times
Heidi,Vogt,Wall Street Journal/ Dow Jones
Patrick,Vogt,Agence France-Presse
Valerie,Volcovici,Thomson Reuters
Dustin,Volz,Wall Street Journal/ Dow Jones
Christoph,von Bieberstein,Der Tagesspiegel
Nicholas,Wadhams,Bloomberg News
Robert,Wagman,Newspaper Enterprise
Daniel,Wagner,Buzzfeed
John,Wagner,Washington Post
Travis,Waldron,Huffington Post
Randolph,Walerius,CQ Roll Call
Derek,Wallbank,Bloomberg News
Peter,Wallsten,Washington Post
Eric,Walsh,Thomson Reuters
Stephen,Walsh,CQ Roll Call
Parker,Walton,Asahi Shimbun
Chao,Wang,Xinhua News Agency
Jimin,Wang,Xinhua News Agency
Joby,Warrick,Washington Post
Elizabeth,Wasserman,Bloomberg News
Erik,Wasson,Bloomberg News
Kensaku,Watanabe,Jiji Press
Allison,Watkins,New York Times
Thomas,Watkins,Agence France-Presse
Emily,Wax,Washington Post
Alexander,Wayne,Bloomberg News
Allen,Weaver,Washington Examiner
Courtney,Weaver,Financial Times
Lauren,Weber,Huffington Post
Maya,Weber,S & P Global
Michael,Weekes,Thomson Reuters
Philip,Wegmann,Washington Examiner
Jessica,Wehrman,Columbus Dispatch
David,Weigel,Washington Post
Noah,Weiland,New York Times
Mark,Weiner,Syracuse Post-Standard
Rachel,Weiner,Washington Post
Kytja,Weir,Center for Public Integrity
Jonathan,Weisman,New York Times
Laura,Weiss,CQ Roll Call
Miles,Weiss,Bloomberg News
William,Weiss,CQ Roll Call
Nicole,Wentling,Stars and Stripes
Erica,Werner,Washington Post
Jesse,Westbrook,Bloomberg News
Sarah,Westwood,Washington Examiner
Esther,Whieldon,S & P Global
Dina,White,Chicago Tribune
Gordon,White,Washington Telecommunications Services
Keith,White,CQ Roll Call
Chloe,Whiteaker,Bloomberg News
Kevin,Whitelaw,Bloomberg News
John,Whitesides,Thomson Reuters
Craig,Whitlock,Washington Post
Peter,Whoriskey,Washington Post
Elizabeth,Whyte,Center for Public Integrity
Benjamin,Wieder,McClatchy
Kristan,Wiggins,McClatchy
Tracy,Wilkinson,Los Angeles Times
Clarence,Williams,Washington Post
Joseph,Williams,CQ Roll Call
Misty,Williams,CQ Roll Call
Vanessa,Williams,Washington Post
Elizabeth,Williamson,New York Times
Derek,Willis,ProPublica
David,Willman,Los Angeles Times
Scott,Wilson,Washington Post
Trish,Wilson,Associated Press
Brian,Wingfield,Bloomberg News
Sarah,Wire,Los Angeles Times
Lindsay,Wise,McClatchy
Paul,Wiseman,Associated Press
Gordon,Witkin,Center for Public Integrity
Nancy,Witkowski,Associated Press
Richard,Wolf,USA Today
Frank,Wolfe,LRP Publications
Benjamin,Wolfgang,Washington Times
Adam,Wollner,National Journal
Betsy,Woodruff,Daily Beast
Randall,Woods,Bloomberg News
Calvin,Woodward,Associated Press
Robert,Woodward,Washington Post
Daniel,Woolls,Agence France-Presse
Casey,Wooten,National Journal
Christopher,Wright,CQ Roll Call
Lesley,Wroughton,Thomson Reuters
Lejun,Wu,China People's Daily
Lin,Xiaochun,Xinhua News Agency
Jianmei,Xu,Xinhua News Agency
Jordan,Yadoo,Bloomberg News
Tsaneo,Yamahiro,Bloomberg News
Takanori,Yamamoto,Yomiuri Shimbun
Yosuke,Yamazaki,Sekai Nippo
Liang,Yan,Xinhua News Agency
Hope,Yen,Associated Press
Gary,Yerkey,Svenska Dagbladet
Christopher,Yi,Merger Market Group
Gulbin,Yildirim,Anadolu News Agency
Eric,Yoder,Washington Post
Byron,York,Washington Examiner
Alison,Young,USA Today
Donna,Young,S & P Global
Jeffrey,Young,Huffington Post
Kerry,Young,CQ Roll Call
Donghui,Yu,China Review News Agency
Jean,Yung,Market News International
Yukiyo,Zaha,Ryukyu Shimpo
Matthew,Zapotosky,Washington Post
Mohammad,Zargham,Thomson Reuters
Katherine,Zeller,CQ Roll Call
Shawn,Zeller,CQ Roll Call
Patricia,Zengerle,Thomson Reuters
Katherine,Zezima,Washington Post
Mengxu,Zhang,China People's Daily
Niansheng,Zhang,China People's Daily
Penghui,Zhang,China People's Daily
Qi,Zheng,China People's Daily
Zhou,Zhou,Xinhua News Agency
Dongyang,Zhu,Xinhua News Agency
Kourtney,Zimmermann,Asahi Shimbun
Aaron,Zitner,Wall Street Journal/ Dow Jones
Gregg,Zoroya,USA Today
Apostolos,Zoupaniotis,Cyprus News Agency
Gerald,Zremski,Buffalo News
Joshua,Zumbrun,Wall Street Journal/ Dow Jones
