Name,Position
Arizona Cardinals,
"Starks, Duane",DB
"Stone, Michael",DB
"Ransom, Derrick",DT
"Dishman, Chris",G
"Fisher, Levar",LB
"Wells, Reggie",T
"Scobey, Josh",RB
"McAddley, Jason",WR
"Duncan, Tim",K
"Poole, Nate",WR
"Boldin, Anquan",WR
"Shelton, L.J.",T
"Spikes, Cameron",G
"Hodgins, James",RB
"Clement, Anthony",T
"Gilmore, Bryan",WR
"Diamond, Lorenzo",TE
"Davis, Russell",DT
"Foster, Larry",WR
"Starkey, Jason",C
"McKinnon, Ronald",LB
"Roundtree, Raleigh",G
"Wakefield, Fred",DE
"McCown, Josh",QB
"Garcia, Frank",G
"Tanner, Barron",DT
"Rue, Josh",RB
"Player, Scott",P
"Vanden Bosch, Kyle",DE
"Rackers, Neil",K
"Eason, Nijrell",DB
"Young, Michael",LB
"Woods, LeVar",LB
"Smith, Emmitt",RB
"Gramatica, Bill",K
"Blake, Jeff",QB
"Parsons, Preston",QB
"Bryant, Wendell",DT
"Pace, Calvin",DE
"Hodel, Nathan",T
"Goss, Jason",DB
"Lucas, Justin",DB
"Darling, James",LB
"Wilson, Adrian",DB
"Barrett, David",DB
"Kendall, Pete",C
"Hayes, Gerald",LB
"McDaniel, Emmanuel",DB
"Davis, Leonard",G
"Bush, Steve",TE
"Rhinehart, Coby",DB
"Bell, Marcus",DT
"Shipp, Marcel",RB
"Hill, Renaldo",DB
"Banks, Mike",TE
"King, Kenny",DT
"Jackson, Dexter",DB
"Atoe, Ryan",DT
"Whiting, Teag",G
"Jones, Freddie",TE
"Johnson, Bryant",WR
"Anderson, Damien",RB
"Johnson, Dennis",DE
"Kasper, Kevin",WR
"Rogers, Kendrick",T
"Thompson, Raynoch",LB
Atlanta Falcons,
"Hall, Travis",DT
"Brooking, Keith",LB
"Stewart, Matt",LB
"Brewer, Sean",TE
"Forney, Kynan",G
"Feely, Jay",K
"Price, Peerless",WR
"Garza, Roberto",G
"Hall, Cory",DB
"Ulmer, Artie",LB
"Draft, Chris",LB
"Dantzler, Woody",RB
"Johnson, Ellis",DT
"Rackley, Derek",TE
"Morgan, Dwayne",T
"Finneran, Brian",WR
"Riley, Karon",LB
"Overstreet, Will",LB
"Mathis, Kevin",DB
"Duckett, T.J.",RB
"Crumpler, Alge",TE
"Smith, Brady",DE
"Newman, Keith",LB
"Cotton, James",DE
"House, Raymond",DE
"Johnson, Doug",QB
"Williams, Tyrone",DB
"Jasper, Ed",NT
"Shaffer, Kevin",T
"Jervey, Travis",RB
"Dunn, Warrick",RB
"Dunbar, LaTarence",WR
"Edwards, Terrence",WR
"Bolden, Juran",DB
"Whitfield, Bob",T
"Rossum, Allen",DB
"Russell, Twan",LB
"Moore, Mookie",T
"Kerney, Patrick",DE
"Weiner, Todd",T
"Kozlowski, Brian",TE
"Shabazz, Siddeeq",DB
"Lewis, John",WR
"Scott, Bryan",DB
"Williams, Brandon",DB
"Ross, Derek",DB
"Farris, Jimmy",WR
"McCord, Quentin",WR
"Claridge, Travis",G
"Robinson, Terrence",LB
"McBride, Tod",DB
"Griffith, Justin",RB
"Kittner, Kurt",QB
"Vick, Michael",QB
"Carpenter, Keion",DB
"McCadam, Kevin",DB
"Rogers, Sam",LB
"McBurrows, Gerald",DB
"Layne, George",RB
"Bibla, Martin",G
"Mohr, Chris",P
"Buchanan, Ray",DB
"Knutson, Matt",T
"McClure, Todd",C
"Veal, Demetrin",DE
Baltimore Ravens,
"Wright, Anthony",QB
"Lewis, Jamal",RB
"Johnson, Ron",WR
"Gregg, Kelly",NT
"Zastudil, Dave",P
"Suggs, Terrell",LB
"Douglas, Marques",DE
"Baxter, Gary",DB
"Taylor, Chester",RB
"Stover, Matt",K
"Flynn, Mike",C
"Taylor, Travis",WR
"Lewis, Ray",LB
"Franklin, Aubrayo",DT
"Johnson, Jarret",DE
"Wynn, Milton",WR
"Anderson, Bennie",G
"Ogden, Jonathan",T
"Weaver, Tony",DE
"McAlister, Chris",DB
"Sapp, Gerome",DB
"Williams, Chad",DB
"Jones, John",TE
"Smith, Trent",TE
"Hymes, Randy",WR
"Cook, Damion",DT
"Knight, Tom",DB
"Jones, Terry",TE
"Scott, Bart",LB
"Maese, Joe",C
"Lucas, Ray",QB
"Collins, Mike",G
"Morrow, Harold",RB
"Richey, Wade",K
"Parker, Riddick",DT
"Redman, Chris",QB
"Boulware, Peter",LB
"Walls, Raymond",DB
"Brown, Cornell",LB
"Mughelli, Ovie",RB
"Porter, Alvin",DB
"Robinson, Marcus",WR
"Brown, Orlando",T
"Boller, Kyle",QB
"Rabach, Casey",G
"Demps, Will",DB
"Pashos, Tony",T
"Mulitalo, Edwin",G
"Hunter, Javin",WR
"Brooks, Ethan",T
"Thomas, Adalius",LB
"Smith, Musa",RB
"Thomas, Jason",G
"Harris, Bernardo",LB
"Hartwell, Edgerton",LB
"Kemoeatu, Maake",DT
"Sanders, Frank",WR
"Slaughter, T.J.",LB
"Fuller, Corey",DB
"Ricard, Alan",RB
"Brightful, Lamont",DB
"Heap, Todd",TE
"Solwold, Mike",TE
"Reed, Ed",DB
Buffalo Bills,
"Winfield, Antoine",DB
"Williams, Mike",T
"Brown, Antonio",WR
"Milloy, Lawyer",DB
"Pucillo, Mike",G
"McGee, Terrence",DB
"Campbell, Mark",TE
"Haggan, Mario",LB
"McGahee, Willis",RB
"McKenzie, Keith",DE
"Edwards, Ron",DT
"Adams, Sam",DT
"Wire, Coy",DB
"Byrd, Gary",T
"Jennings, Jonas",T
"Moulds, Eric",WR
"Crosby, Phillip",RB
"Coleman, Clarence",WR
"Neufeld, Ryan",TE
"Fletcher, London",LB
"Dorenbos, Jon",C
"Brown, Ruben",G
"Prioleau, Pierson",DB
"Aiken, Sam",WR
"Moorman, Brian",P
"Polk, DaShon",LB
"Williams, Pat",DT
"Posey, Jeff",LB
"Price, Marcus",T
"Brown, Travis",QB
"Tucker, Ross",G
"Morris, Sammy",RB
"Kelsay, Chris",DE
"Van Pelt, Alex",QB
"Sape, Lauvale",DT
"Stevenson, Dominique",LB
"Sullivan, Marques",T
"Bledsoe, Drew",QB
"Teague, Trey",C
"Thomas, Kevin",DB
"Reed, Josh",WR
"Reese, Izell",DB
"Spikes, Takeo",LB
"Sobieski, Ben",G
"Robertson, Tyrone",DT
"Gash, Sam",RB
"Henry, Travis",RB
"Schobel, Aaron",DE
"Bannan, Justin",DT
"Crowell, Angelo",LB
"Denney, Ryan",DE
"Clements, Nate",DB
"Lindell, Rian",K
"Burns, Joe",RB
"Stamer, Josh",LB
"Sidney, Dainon",DB
"Simonton, Ken",RB
"Robertson, Bernard",T
"Shaw, Bobby",WR
"Moore, Dave",TE
Carolina Panthers,
"Rucker, Mike",DE
"Burton, Shane",DT
"Ciurciu, Vinny",LB
"Caldwell, Mike",LB
"Manning, Ricky",DB
"Sauerbrun, Todd",P
"Minter, Mike",DB
"Mitchell, Jeff",C
"Black, Nathan",WR
"Seidman, Mike",TE
"Jenkins, Kris",DT
"James, Jeno",G
"Cousin, Terry",DB
"Howard, Reggie",DB
"Mangum, Kris",TE
"Cooper, Jarrod",DB
"Wesley, Dante",DB
"Brzezinski, Doug",G
"Towns, Lester",LB
"Wiggins, Jermaine",TE
"Willig, Matt",T
"Young, Walter",WR
"Battaglia, Marco",TE
"Tuten, Melvin",T
"Kasay, John",K
"Weinke, Chris",QB
"Baker, Eugene",WR
"Anderson, Rashard",DB
"Allen, Brian",LB
"Tillman, Travares",DB
"Witherspoon, Will",LB
"Wallace, Al",DE
"Foster, DeShaun",RB
"Hankton, Karl",WR
"Smart, Rod",RB
"Hampton, William",DB
"Davis, Stephen",RB
"Smith, Steve",WR
"Hoover, Brad",RB
"Goings, Nick",RB
"Morgan, Dan",LB
"Steussie, Todd",T
"Donnalley, Kevin",G
"Fields, Mark",LB
"Favors, Greg",LB
"Dyson, Kevin",WR
"Gross, Jordan",T
"Reyes, Tutan",T
"Grant, Deon",DB
"Peete, Rodney",QB
"Branch, Colin",DB
"Rasmussen, Kemp",DE
"Peppers, Julius",DE
"Proehl, Ricky",WR
"Buckner, Brentson",DT
"Richardson, Damien",DB
"Kyle, Jason",LB
"Muhammad, Muhsin",WR
"Delhomme, Jake",QB
"Moorehead, Kindal",DT
"Nelson, Bruce",C
"Moore, Casey",RB
"Pittman, Kavika",DE
Chicago Bears,
"Reid, Gabe",TE
"White, Dez",WR
"Scott, Ian",DT
"Matthews, Roshaun",LB
"Villarrial, Chris",G
"Urlacher, Brian",LB
"Wade, Bobby",WR
"Forsey, Brock",RB
"Worrell, Cameron",DB
"McMillon, Todd",DB
"Robinson, Bryan",DT
"Pritchett, Stanley",RB
"Gage, Justin",WR
"Maynard, Brad",P
"Edwards, Steve",G
"Gandy, Mike",T
"Lacina, Corbin",G
"Boone, Alfonso",DT
"Briggs, Lance",LB
"Johnson, Robert",TE
"Gibson, Aaron",T
"Stewart, Kordell",QB
"Peterson, Adrian",RB
"Brown, Alex",DE
"LaFavor, Tron",DT
"Tillman, Charles",DB
"McKie, Jason",RB
"Knight, Bryan",LB
"Gilmore, John",TE
"Lyman, Dustin",TE
"Tafoya, Joe",DE
"Abdullah, Rabih",RB
"Edinger, Paul",K
"Chandler, Chris",QB
"Green, Michael",DB
"Barnard, Brooks",P
"Anderson, Bryan",G
"Johnson, Todd",DB
"Terrell, David",WR
"Hillenmeyer, Hunter",LB
"Tucker, Rex",G
"Warner, Josh",C
"Gray, Bobby",DB
"Mannelly, Patrick",T
"McQuarters, R.W.",DB
"Grossman, Rex",QB
"Brown, Mike",DB
"Metcalf, Terrence",T
"Haynes, Michael",DE
"Merritt, Ahmad",WR
"Mitchell, Qasim",G
"Hill, Charles",NT
"Davis, John",TE
"Clark, Desmond",TE
"Colombo, Marc",T
"Booker, Marty",WR
"Azumah, Jerry",DB
"Jones, Daryl",WR
"Sanderson, Scott",T
"Thomas, Anthony",RB
"Holdman, Warrick",LB
"Daniels, Phillip",DE
"Howard, Bobbie",LB
"Traylor, Keith",DT
"Williams, Brock",DB
"Kreutz, Olin",C
"Odom, Joe",LB
Cincinnati Bengals,
"Richardson, Kyle",P
"Sulfsted, Alex",T
"Rehberg, Scott",G
"Roberts, Terrell",DB
"Braham, Rich",C
"Adkisson, James",WR
"Dillon, Corey",RB
"Roman, Mark",DB
"St. Louis, Brad",TE
"Edmonds, Chris",RB
"Clemons, Duane",DE
"Steele, Glen",DT
"Patterson, Elton",DE
"Stewart, Tony",TE
"Szalay, Thatcher",G
"Rodriguez, Tito",LB
"Walter, Kevin",WR
"Jackson, LaDairis",DE
"Warrick, Peter",WR
"Moore, Langston",DT
"Houshmandzadeh, T.J.",WR
"Myles, Reggie",DB
"Bennett, Brandon",RB
"Williams, Tony",DT
"O'Dwyer, Matt",G
"Hawkins, Artrell",DB
"Gibson, Oliver",DT
"Beckett, Rogers",DB
"Smith, Justin",DE
"Kooistra, Scott",T
"Goff, Mike",G
"Hardy, Kevin",LB
"Schobel, Matt",TE
"James, Tory",DB
"Washington, Kelley",WR
"Anderson, Willie",T
"Matthews, Shane",QB
"Johnson, Chad",WR
"Abdullah, Khalid",LB
"Leyva, Victor",G
"Burris, Jeff",DB
"Johnson, Riall",LB
"Chamberlin, Frank",LB
"Johnson, Jeremi",RB
"Steinbach, Eric",G
"Kelly, Reggie",TE
"Simmons, Brian",LB
"Palmer, Carson",QB
"Powell, Carl",DE
"Graham, Shayne",K
"Weathersby, Dennis",DB
"Kitna, Jon",QB
"Kaesviharn, Kevin",DB
"Jones, Levi",T
"Watson, Kenny",RB
"Thornton, John",DT
"Johnson, Rudi",RB
"Ross, Adrian",LB
"Levels, Dwayne",LB